{"RuleTriggered": 0, "Violations": 0, "Details": {"Network": {"algo-1": {"max": 213807713.28, "p99": 99.3, "p95": 0, "p50": 0, "min": 0}}, "GPU": {"algo-1": {"max": 93.0, "p99": 91.0, "p95": 82.0, "p50": 0, "min": 0}}, "CPU": {"algo-1": {"max": 100.0, "p99": 96.58, "p95": 83.5, "p50": 39.92, "min": 1.48}}, "CPU memory": {"algo-1": {"max": 19.06, "p99": 18.97, "p95": 18.85, "p50": 18.74, "min": 6.19}}, "GPU memory": {"algo-1": {"max": 84.0, "p99": 83.0, "p95": 77.0, "p50": 0, "min": 0}}, "I/O": {"algo-1": {"max": 98.99, "p99": 60.1, "p95": 43.89, "p50": 0, "min": 0}}}, "Datapoints": 1076, "RuleParameters": ""}